gv,"10/24/2020, 17:47:03"
gv,"10/24/2020, 17:47:03"
gv,"10/24/2020, 17:47:04"
gv,"10/24/2020, 17:47:04"
gv,"10/24/2020, 17:47:05"
gv,"10/24/2020, 17:47:06"
gv,"10/24/2020, 17:47:06"
gv,"10/24/2020, 17:47:07"
gv,"10/24/2020, 17:47:08"
gv,"10/24/2020, 17:47:08"
gv,"10/24/2020, 17:47:09"
gv,"10/24/2020, 17:47:09"
gv,"10/24/2020, 17:47:10"
gv,"10/24/2020, 17:47:11"
gv,"10/24/2020, 17:47:11"
gv,"10/24/2020, 17:47:12"
gv,"10/24/2020, 17:47:12"
gv,"10/24/2020, 17:47:13"
gv,"10/24/2020, 17:48:53"
gv,"10/24/2020, 17:48:54"
gv,"10/24/2020, 17:48:55"
gv,"10/24/2020, 17:48:55"
gv,"10/24/2020, 17:48:56"
gv,"10/24/2020, 17:48:56"
gv,"10/24/2020, 17:48:57"
gv,"10/24/2020, 17:48:58"
gv,"10/24/2020, 17:48:58"
gv,"10/24/2020, 17:48:59"
gv,"10/24/2020, 17:48:59"
gv,"10/24/2020, 17:49:01"
gv,"10/24/2020, 17:49:01"
gv,"10/24/2020, 17:49:02"
gv,"10/24/2020, 17:49:03"
gv,"10/24/2020, 17:49:03"
gv,"10/24/2020, 17:49:04"
gv,"10/24/2020, 17:49:04"
gv,"10/24/2020, 17:49:05"
gv,"10/24/2020, 17:49:06"
gv,"10/24/2020, 17:49:06"
gv,"10/24/2020, 17:49:07"
gv,"10/24/2020, 17:49:07"
gv,"10/24/2020, 17:49:08"
gv,"10/24/2020, 17:49:09"
gv,"10/24/2020, 17:49:09"
gv,"10/24/2020, 17:49:10"
gv,"10/24/2020, 17:49:10"
gv,"10/24/2020, 17:49:11"
gv,"10/24/2020, 17:49:12"
gv,"10/24/2020, 17:49:12"
gv,"10/24/2020, 17:49:13"
gv,"10/24/2020, 17:49:13"
gv,"10/24/2020, 17:49:14"
gv,"10/24/2020, 17:49:15"
gv,"10/24/2020, 17:49:15"
gv,"10/24/2020, 17:49:16"
